chromosome	nblrr	start	stop	9509 length	penalty	9242homolog 1	9242homolog 2	9316homolog 1	9316homolog 2	9501homolog 1	9501homolog 2	9502homolog 1	9502homolog 2	9504homolog 1	9504homolog 2	9506homolog 1	9506homolog 2	9509homolog 1	9509homolog 2	9511homolog 1	9511homolog 2	9512homolog 1	9512homolog 2	[9242h, 9316h]	[9242h, 9501h]	[9242h, 9502h]	[9242h, 9504h]	[9242h, 9506h]	[9242h, 9509h]	[9242h, 9511h]	[9242h, 9512h]	[9316h, 9501h]	[9316h, 9502h]	[9316h, 9504h]	[9316h, 9506h]	[9316h, 9509h]	[9316h, 9511h]	[9316h, 9512h]	[9501h, 9502h]	[9501h, 9504h]	[9501h, 9506h]	[9501h, 9509h]	[9501h, 9511h]	[9501h, 9512h]	[9502h, 9504h]	[9502h, 9506h]	[9502h, 9509h]	[9502h, 9511h]	[9502h, 9512h]	[9504h, 9506h]	[9504h, 9509h]	[9504h, 9511h]	[9504h, 9512h]	[9506h, 9509h]	[9506h, 9511h]	[9506h, 9512h]	[9509h, 9511h]	[9509h, 9512h]	[9511h, 9512h]	# distinguished pairs	L0 score
Spolyrhiza9509_20150416_chr17	Sp17G01730	1091827	1092639	813	1.545	0	6	8	8	8	33	8	25	0	0	0	8	0	7	8	6	0	0	8	27	19	6	2	1	6	6	25	17	8	8	8	2	8	8	33	25	26	25	33	25	17	18	17	25	8	7	8	0	1	6	8	6	7	8	31	91.20000000000002
Spolyrhiza9509_20150416_chr12	Sp12G06010	5345288	5346111	824	2.519	-77	-138	-138	-138	0	6	0	0	-138	-138	0	0	0	0	0	0	-138	-138	61	138	138	61	138	138	138	61	144	138	0	138	138	138	0	6	144	6	6	6	144	138	0	0	0	138	138	138	138	0	0	0	138	0	138	138	27	597.0000000000002
Spolyrhiza9509_20150416_chr17	Sp17G01730	1092514	1092768	255	13.36	0	6	8	8	8	8	8	8	0	0	0	8	0	8	8	8	0	0	8	8	8	6	2	2	8	6	0	0	8	8	8	0	8	0	8	8	8	0	8	8	8	8	0	8	8	8	8	0	0	8	8	8	8	8	26	40.80000000000002
Spolyrhiza9509_20150416_chr02	Sp02G05200	3706792	3707603	812	0.364	-10	-10	-10	-10	0	0	0	-28	-10	-10	-10	-10	0	0	0	0	0	0	0	10	18	0	0	10	10	10	10	18	0	0	10	10	10	28	10	10	0	0	0	18	18	28	28	28	0	10	10	10	10	10	10	0	0	0	24	68.80000000000001
Spolyrhiza9509_20150416_chr17	Sp17G01730	1084986	1085745	760	2.391	-12	-12	0	-12	0	0	0	0	0	0	0	-12	0	0	0	0	-12	-12	12	12	12	12	12	12	12	0	12	12	12	0	12	12	12	0	0	12	0	0	12	0	12	0	0	12	12	0	0	12	12	12	12	0	12	12	24	57.59999999999998
Spolyrhiza9509_20150416_chr02	Sp02G05200	3707022	3707847	826	1.248	-10	-10	-10	-10	0	0	0	-10	-10	-10	-10	-10	0	0	0	0	0	0	0	10	10	0	0	10	10	10	10	10	0	0	10	10	10	10	10	10	0	0	0	10	10	10	10	10	0	10	10	10	10	10	10	0	0	0	24	48.0
Spolyrhiza9509_20150416_chr17	Sp17G03410	2322424	2322962	539	5.782	0	0	0	0	0	9	0	9	0	0	0	0	0	9	0	9	9	9	0	9	9	0	0	9	9	9	9	9	0	0	9	9	9	0	9	9	0	0	9	9	9	0	0	9	0	9	9	9	9	9	9	0	9	9	24	43.19999999999999
Spolyrhiza9509_20150416_chr12	Sp12G06010	5345656	5345983	328	8.837	-77	-138	-138	-138	0	0	0	0	-138	-138	0	0	0	0	0	0	-138	-138	61	138	138	61	138	138	138	61	138	138	0	138	138	138	0	0	138	0	0	0	138	138	0	0	0	138	138	138	138	0	0	0	138	0	138	138	23	588.6000000000003
Spolyrhiza9509_20150416_chr02	Sp02G05200	3717023	3717837	815	4.626	0	0	0	0	0	-10	0	-10	0	0	0	97	0	0	0	0	0	-10	0	10	10	0	97	0	0	10	10	10	0	97	0	0	10	0	10	97	10	10	0	10	97	10	10	0	97	0	0	10	97	97	97	0	10	10	23	185.20000000000002
Spolyrhiza9509_20150416_chr13	Sp13G01220	1104496	1105262	767	2.360	-27	-27	-27	-27	0	0	0	0	0	0	0	0	0	0	-27	-27	0	-27	0	27	27	27	27	27	0	27	27	27	27	27	27	0	27	0	0	0	0	27	27	0	0	0	27	27	0	0	27	27	0	27	27	27	27	27	23	124.20000000000006
Spolyrhiza9509_20150416_chr02	Sp02G05200	3717676	3718542	867	5.032	0	-33	0	2	0	-10	0	-11	0	0	0	-1	0	0	0	0	0	-10	33	23	22	33	32	33	33	23	10	11	2	2	2	2	10	1	10	9	10	10	0	11	10	11	11	1	1	0	0	10	1	1	9	0	10	10	23	76.80000000000001
Spolyrhiza9509_20150416_chr17	Sp17G02470	1615810	1616324	515	2.554	0	-6	0	-6	0	0	0	0	0	0	-6	-6	0	-9	0	0	0	0	0	6	6	6	6	3	6	6	6	6	6	6	3	6	6	0	0	6	9	0	0	0	6	9	0	0	6	9	0	0	6	6	6	9	9	0	23	30.599999999999994
